name,lat,lon
McDonald's,37.7235448,-122.455458
McDonald's,37.7131342,-122.4445811
McDonald's,37.7264467,-122.476425
McDonald's,37.752127,-122.418215
McDonald's,37.79389,-122.399109
McDonald's,37.7552253,-122.2520674
McDonald's,37.744373,-122.171129
McDonald's,37.7638513,-122.1961869
McDonald's,37.6313705,-122.0964926
McDonald's,37.7683373,-122.2234771
McDonald's,37.4426405,-122.1704892
McDonald's,37.571016,-122.031771
McDonald's,37.649021,-122.065915
McDonald's,37.69343,-122.110749
McDonald's,37.5257071,-122.0055449
McDonald's,37.6688974,-122.4699976
McDonald's,37.7458841,-122.1955854
McDonald's,37.8494214,-122.2861301
McDonald's,37.6087255,-122.0664082
McDonald's,37.4178054,-121.8715766
McDonald's,37.7006534,-121.8714539
McDonald's,37.946987,-121.696443
McDonald's,37.3109448,-121.9313806
McDonald's,38.095291,-122.229287
McDonald's,37.4008487,-122.1097098
McDonald's,37.3914087,-122.0964344
McDonald's,37.2751566,-121.8652533
McDonald's,37.4602221,-122.137751
McDonald's,33.9474096,-118.1179069
McDonald's,38.9499528,-119.9551604
McDonald's,34.4290263,-119.8701266
McDonald's Sunbury,-37.5766023,144.7286365
McDonald's Gisborne,-37.48580889999999,144.5875966
McDonald's Craigieburn North,-37.5738079,144.9200884
McDonald's Melbourne Airport Virgin Terminal,-37.6693479,144.8480465
McDonald's Craigieburn,-37.5962823,144.9214691
McDonald's Sydenham,-37.693873,144.755002
McDonald's Melb Airport II,-37.6693476,144.8480462
McDonald's Melton,-37.6877668,144.5668347
McDonald's Melbourne Airport T4 VIC,-37.6722695,144.8488147
McDonald's,-37.6703886,144.8539045
McDonald's Watergardens,-37.6991072,144.7763088
McDonald's Taylors Lakes,-37.7025464,144.8022878
McDonald's Roxburgh Drive,-37.6401846,144.929556
McDonald's Tullamarine,-37.688264,144.88166
McDonald's Caroline Springs,-37.7294937,144.7411821
McDonald's Delahey,-37.7275347,144.7819742
McDonald's Keilor Park,-37.7184678,144.8528457
McDonald's Broadmeadows,-37.677385,144.921808
McDonald's Airport West,-37.713986,144.8878616
McDonald's St Albans,-37.746734,144.802321
McDonald's,37.7891237,-122.4076558
McDonald's,37.36292419999999,-122.0272064
McDonald's,37.937556,-121.295604
McDonald's,50.2887041,-119.2632982
McDonald's,33.6707731,-117.7893912
McDonald's,33.7412156,-118.2927171
McDonald's,33.8286562,-117.8356044
McDonald's,47.0424532,-122.8925997
McDonald's,37.6884126,-122.1387062
McDonald's,37.7798713,-122.4317172
McDonald's,37.707845,-122.132916
McDonald's,37.3498252,-121.82767
McDonald's,37.872278,-122.268577
McDonald's,37.8017312,-122.2650077
McDonald's,37.4574055,-121.9109749
McDonald's,37.6667562,-122.1061733
McDonald's Whittlesea,-37.5165378,145.1147629
McDonald's Diamond Creek,-37.673583,145.157311
McDonald's Fawkner II VIC,-37.6901471,144.9589208
McDonald's Wallan North,-37.4026121,145.0147697
McDonald's Mill Park,-37.658497,145.077263
McDonald's Wallan,-37.41278399999999,144.9798996
McDonald's Plenty Valley S/C,-37.651871,145.0717196
McDonald's Collins Street East,-37.8134886,144.9727319
McDonald's Northland,-37.741438,145.0277658
McDonald's Thomastown II,-37.6893633,145.0277587
McDonald's Malvern East,-37.8760749,145.0478538
McDonald's Victoria Markets,-37.8073573,144.9595815
McDonald's Epping,-37.655111,145.0172083
McDonald's Brunswick East,-37.761654,144.9736224
McDonald's Epping,-37.6594381,145.0185421
McDonald's Kew,-37.805115,145.0349056
McDonald's,37.5568025,-122.0140569
McDonald's,37.76541510000001,-122.4079489
McDonald's,37.5539308,-122.31639
McDonald's,37.724882,-122.157056
McDonald's,37.6921026,-122.0897166
McDonald's,37.781424,-122.234254
McDonald's Mooroolbark,-37.7880626,145.3110683
McDonald's Eltham,-37.718625,145.138081
McDonald's Box Hill North,-37.809593,145.141007
McDonald's Tecoma,-37.9063111,145.3433948
McDonald's Victoria Gardens,-37.8130811,145.011684
McDonald's Collingwood,-37.8084192,144.9829755
McDonalds Bourke St West VIC,-37.8143797,144.9617537
McDonald's Freshwater Place,-37.8214141,144.9621467
McDonald's Crown Casino II,-37.825191,144.958913
McDonalds Rockbank Outbound,-37.7389994,144.6799772
McDonald's Sunshine,-37.778301,144.843203
McDonald's Brooklyn,-37.8232275,144.8243471
McDonald's Flemington,-37.78808,144.9320566
McDonald's Brunswick,-37.7755043,144.9609324
McDonald's South Melbourne,-37.8280739,144.9579745
McDonald's Preston II,-37.7450449,144.9967981
McDonald's Swanston & Lonsdale,-37.8118102,144.9645289
McDonald's Elizabeth Street,-37.8178232,144.9645216
McDonald's Kingsbury,-37.716916,145.042278
McDonald's,38.0818281,-122.1934389
McDonald's Lilydale,-37.7578882,145.3562647
McDonald's Greensborough Plaza F/C VIC,-37.702132,145.1030475
McDonald's Croydon VIC,-37.78866,145.268731
McDonald's Yallambie,-37.7307796,145.0863769
McDonald's East Doncaster,-37.7887003,145.1616856
McDonald's Lower Templestowe,-37.77381,145.115234
McDonald's Doncaster F/C II Vic,-37.7866308,145.1251424
McDonald's Ringwood,-37.8167827,145.2200306
McDonald's Heidelberg,-37.753001,145.051569
McDonald's Nunawading II,-37.8179069,145.1766498
McDonald's Forest Hill,-37.8354962,145.165948
McDonald's Blackburn,-37.8315634,145.1481917
McDonald's Dandenong,-37.9903817,145.1993743
McDonald's Prahran,-37.84819,145.002536
McDonald's,37.5493387,-121.9891071
McDonald's Bacchus Marsh,-37.6738611,144.4357343
McDonald's Wyndham Waters,-37.8534259,144.7320921
McDonald's Deer Park,-37.7617098,144.7552779
McDonald's Laverton,-37.8697879,144.7610995
McDonald's Hoppers Crossing,-37.8800068,144.7015498
McDonald's Derrimut,-37.7831802,144.7723525
McDonald's,34.8911804,-116.9990677
McDonald's Calder Northbound,-37.664691,144.7474898
McDonald's Calder Highway South,-37.6654241,144.7533596
McDonald's Campbellfield,-37.674005,144.955336
McDonald's Wollert,-37.6223948,145.0296137
McDonald's Doreen,-37.6057728,145.1360604
McDonald's Wantirna,-37.848016,145.230435
McDonald's Parkmore Shopping Centre,-37.993121,145.173188
McDonald's Berwick South,-38.0559176,145.3383675
McDonald's Amstel,-38.105,145.279
McDonald's Drouin,-38.1342047,145.8570534
McDonald's Melton East,-37.689237,144.6046431
Mcdonald's Rockbank Inbound,-37.7065769,144.6291107
McDonald's Niddrie,-37.7423233,144.9039803
McDonald's Oak Park,-37.72088249999999,144.9214799
McDonald's Pascoe Vale South,-37.73905,144.948141
McDonald's Northland Shopping Centre II,-37.7399594,145.0311043
McDonald's Burwood,-37.8508963,145.0977774
McDonald's,37.9659377,-121.2746412
McDonald's Knox City,-37.8678031,145.2396653
McDonald's Vermont South,-37.8558145,145.1809485
McDonald's Knoxfield,-37.8982237,145.2425382
McDonald's Glen Waverley,-37.8748538,145.1671495
McDonald's Rowville,-37.9180818,145.2356962
McDonald's Eastlink Northbound,-37.9123862,145.2134774
McDonald's Mount Waverley,-37.8862263,145.145111
McDonald's,37.7062093,-121.9243223
McDonald's,34.1363821,-117.2990005
McDonald's,42.2983601,-83.06600259999999
McDonalds Western Ring Rd West,-37.80373640000001,144.8043554
McDonald's Sunshine Market Place,-37.78217,144.83112
McDonald's Avondale Heights,-37.766545,144.863367
McDonald's Footscray,-37.7911358,144.8904172
McDonald's Highpoint F/C II,-37.7758178,144.8884296
McDonald's Royal Childrens Hospital,-37.794287,144.949485
McDonald's Clifton Hill,-37.7871675,144.9936119
McDonald's Hoddle St,-37.808045,144.992013
McDonald's Bourke & Russell,-37.8125163,144.9681917
McDonald's Box Hill Central,-37.8194424,145.1215114
McDonald's Clayton II,-37.913688,145.1249915
McDonald's Oakleigh,-37.907946,145.075364
McDonald's,37.3854867,-121.9954155
McDonald's Tarneit,-37.8352451,144.6902905
McDonald's Hogans Corner,-37.8612475,144.6867878
McDonald's Laverton North,-37.8436532,144.781451
McDonald's Manor Lakes,-37.87604100000001,144.61557
McDonald's Point Cook,-37.89697839999999,144.7535191
McDonald's Werribee Plaza Vic,-37.875371,144.6796754
McDonald's Western Ring Rd East,-37.805458,144.809332
McDonald's Altona,-37.8314973,144.8476869
McDonald's Yarraville II,-37.8125754,144.8841349
McDonald's St Kilda Road,-37.8361735,144.9760969
McDonald's Melbourne Central II,-37.8098325,144.9627928
McDonald's Chapel Street,-37.845765,144.994491
McDonalds Burnley,-37.8196095,145.0118533
McDonald's Hawthorn,-37.82058,145.035966
McDonald's Balwyn,-37.813453,145.084845
McDonald's - St Kilda,-37.8668062,144.9776751
McDonald's Homesglen,-37.875853,145.091004
McDonald's Bayswater North,-37.831175,145.270697
McDonald's Boronia,-37.859307,145.285257
McDonald's Kilsyth,-37.8193394,145.3144745
McDonald's Werribee,-37.9030165,144.6617484
McDonald's,37.74215,-122.4052028
McDonald's Elsternwick,-37.88436799999999,144.998281
McDonald's Ormond,-37.905116,145.044329
McDonald's Chadstone,-37.8862621,145.0779023
McDonald's South Oakleigh,-37.923194,145.082054
McDonalds Mulgrave,-37.9180734,145.1583086
McDonald's Eastlink Southbound,-37.9130968,145.2172929
McDonald's Clayton South,-37.94622349999999,145.1398541
McDonald's Ferntree Gully,-37.8800931,145.2677709
McDonald's Waverely Gardens II,-37.935024,145.188947
McDonald's Endeavour Hills,-37.9755049,145.2583637
McDonald's Officer,-38.0634853,145.436729
McDonald's Berwick,-38.0397749,145.3428905
McDonald's Fountain Gate,-38.0221793,145.3021311
McDonald's Pakenham South,-38.084712,145.492399
McDonald's Hampton Park,-38.0411745,145.2523006
McDonald's Cranbourne North,-38.0850572,145.293943
McDonald's Lara,-38.0235042,144.4091435
McDonald's Corio Village,-38.074595,144.357259
McDonald's Corio,-38.082998,144.360553
McDonald's Geelong Bypass Southbound,-38.0635423,144.340784
McDonald's Geelong North,-38.102465,144.353685
McDonald's Waurn Ponds,-38.197039,144.317243
McDonald's Cheltenham,-37.960591,145.0548387
McDonald's Southland,-37.95882,145.054879
McDonald's Southland Food Court Vic,-37.9578813,145.0529833
McDonald's Heatherton,-37.9517179,145.0780503
McDonald's Braeside,-37.972882,145.112372
McDonald's Springvale,-37.9618019,145.1511994
McDonald's Sandown,-37.9421747,145.167614
McDonald's Dandenong North,-37.9706499,145.2227252
McDonald's Noble Park,-37.9611238,145.1886197
McDonald's Dandenong Plaza,-37.9871711,145.2185622
McDonald's Cranbourne Express,-38.1097863,145.2811839
McDonald's,37.9282036,-122.3208865
McDonald's Chelsea Heights,-38.028871,145.1307276
McDonald's Doveton,-38.0023728,145.2463945
McDonald's Keysborough,-37.99487999999999,145.17469
McDonald's Lyndhurst,-38.078847,145.240137
McDonald's Clyde,-38.11849,145.3207224
McDonald's Pakenham,-38.070889,145.478283
McDonald's Mornington,-38.230772,145.04447
McDonald's Frankston II,-38.14250850000001,145.1207697
McDonald's Frankston North,-38.112412,145.15886
McDonald's Karingal,-38.15152,145.1512861
McDonald's Karingal Hub,-38.152112,145.165748
McDonald's Carrum Downs,-38.101561,145.1861427
McDonald's Skye,-38.108327,145.232293
McDonald's Cranbourne VIC,-38.0982525,145.2825424
McDonald's Clyde North,-38.0763451,145.3362327
McDonald's Pakenham Bypass Inbound,-38.0731239,145.3896446
McDonald's Pakenham Bypass Outbound,-38.0700378,145.3872383
McDonald's Leopold,-38.1865173,144.4550657
McDonald's Newcomb,-38.1737238,144.4013489
McDonald's Geelong Central,-38.15018999999999,144.361757
McDonald's Geelong (Belmont),-38.1704424,144.347981
McDonald's Warralily,-38.2319962,144.3732099
McDonald's Geelong West,-38.141493,144.336512
McDonald's Torquay,-38.32541,144.3169765
McDonald's Rosebud,-38.357864,144.898506
McDonald's Peninsula Link Southbound,-38.2052762,145.136453
McDonald's Towerhill,-38.1649249,145.1376404
McDonald's Langwarrin,-38.1502069,145.1964033
McDonald's Somerville,-38.2233844,145.1697303
McDonald's Hastings,-38.307515,145.18402
McDonald's,47.6204944,-122.3471369
McDonald's,34.440871,-119.753054
McDonald's,33.8578899,-118.0108434
McDonald's,47.61068900000001,-122.3383891
McDonald's,34.0324431,-118.2669915
McDonald's Bass,-38.4726167,145.4737434
McDonald's Caldermeade,-38.2455327,145.5373519
McDonald's,37.33723,-122.0410278
McDonald's Wonthaggi VIC,-38.6066836,145.5881989
McDonald's Melbourne Central Upper,-37.81053500000001,144.962358
KFC Bacchus Marsh,-37.6742766,144.4364795
KFC Woodgrove,-37.6860061,144.5640043
KFC Sunbury,-37.5765005,144.7317176
KFC Melton Phoenix,-37.6877995,144.5659796
KFC Melton Caltex,-37.6837634,144.6065238
KFC Ballan Service Centre,-37.5905297,144.2442114
KFC Calder Outbound,-37.6650361,144.747602
KFC Calder Inbound,-37.6702049,144.7631835
KFC Taylors Hill,-37.7115969,144.7416115
KFC Sydenham,-37.6966847,144.7810748
KFC Watergardens,-37.6966847,144.7810748
KFC Caroline Springs,-37.7317627,144.7434041
KFC Keilor Downs,-37.7271974,144.8074801
KFC Brimbank,-37.7522266,144.7774688
KFC Tullamarine,-37.7004983,144.8802993
KFC Sunshine Market Place,-37.7814613,144.8324681
KFC Wyndham Vale,-37.891873,144.630336
KFC Hoppers Crossing 2,-37.8692943,144.7328431
KFC Epping,-37.657594,145.0187659
KFC Flemington,-37.7882205,144.9331168
KFC Roxburgh Park,-37.6405011,144.9312456
KFC Highpoint II,-37.7712811,144.883091
KFC Thornbury,-37.758523,144.993016
KFC Melbourne Central Food Court,-37.810559,144.9627448
KFC Broadmeadows,-37.67594,144.922086
KFC Broadmeadows Food Court,-37.6779485,144.9199362
KFC Airport West,-37.7137448,144.8867035
KFC Fawkner,-37.7007937,144.9594362
KFC Niddrie,-37.7421014,144.9035158
KFC Thomastown,-37.6840936,145.0287088
KFC Moonee Ponds,-37.766095,144.923973
KFC Bundoora,-37.6940056,145.0603848
KFC Elizabeth Street Melbourne,-37.8173193,144.9648413
KFC Wallan,-37.4126321,144.9788178
KFC Wallan 2 (Northbound),-37.402453,145.0151566
KFC Wallan 1 (Southbound),-37.4035634,145.017181
KFC Epping Plaza Food Court,-37.657594,145.0187659
KFC Plenty Valley Westfield,-37.650119,145.0699442
KFC Mill Park,-37.6567116,145.0788656
KFC Doreen,-37.60682720000001,145.1374325
KFC Kew,-37.8041781,145.0372367
KFC Greensborough Plaza,-37.7020501,145.1026987
KFC Greensborough,-37.7046374,145.1009037
KFC Eltham,-37.71747620000001,145.1387474
KFC Chirnside Park,-37.7581451,145.312552
KFC Lilydale,-37.7576002,145.3563803
KFC Mooroolbark,-37.7898984,145.3084093
KFC Ringwood,-37.8039298,145.2449545
KFC Heidelberg,-37.7575716,145.0690212
KFC Preston,-37.7468378,145.0215858
KFC Northland Mall,-37.7352398,144.9735448
KFC Bourke Street Melbourne,-37.8132104,144.9674956
KFC Crown Casino Melbourne,-37.82343669999999,144.9580861
KFC Keysborough,-37.9920662,145.1448033
KFC Mentone,-37.9830075,145.0757347
KFC Dandenong Market,-37.9844772,145.2131692
KFC Karingal,-38.1516124,145.1518544
KFC Knox City,-37.8688528,145.2411519
KFC Glen Waverley,-37.9030479,145.1604138
KFC Caulfield,-37.876644,145.0422872
KFC Clayton,-37.929342,145.1228622
KFC Deer Park,-37.762185,144.755549
KFC Tarneit,-37.8480209,144.6890007
KFC Truganina,-37.8381572,144.7285009
KFC Hoppers Crossing,-37.8755585,144.6825691
KFC Werribee Plaza,-37.8764694,144.6809439
KFC Sunshine,-37.7786547,144.8401872
KFC Footscray,-37.7984356,144.8899918
KFC Coburg,-37.741116,144.962823
KFC Reservoir,-37.7128691,145.0077887
KFC Carlton,-37.8006047,144.9636479
KFC Burnley,-37.8263512,145.0021764
KFC Doncaster,-37.7870734,145.1419837
KFC Eastlands Food Court,-37.8127909,145.2288534
KFC Bayswater,-37.8248953,145.288217
KFC Nunawading,-37.8188838,145.1763862
KFC Vermont,-37.836609,145.1843176
KFC Wantirna,-37.8479812,145.2276665
KFC Victoria Gardens Food Court,-37.8115827,145.0094379
KFC Noble Park,-37.9588707,145.1846091
KFC Ormond,-37.9046671,145.0435884
KFC Point Cook,-37.8841374,144.7325581
KFC Altona North,-37.83194,144.847636
KFC Westgate Port Melbourne,-37.8312947,144.9183493
KFC Burwood East,-37.8510986,145.1429725
KFC Ferntree Gully,-37.8882684,145.2907289
KFC Rowville,-37.917444,145.234634
KFC Eastlink Southbound,-37.9130968,145.2172929
KFC Hallam,-38.0049332,145.2733113
KFC Narre Warren,-38.0261977,145.31093
KFC Lynbrook,-38.0425727,145.2515009
KFC Prahran,-37.8458911,144.9940939
KFC Endeavour Hills,-37.97539,145.2593494
KFC Werribee,-37.902447,144.659779
KFC 401 Swanston Street,-37.809035,144.9632271
KFC Waterfront City Docklands,-37.8122646,144.9373579
KFC Ashburton,-37.8661537,145.0921994
KFC Springvale,-37.9336252,145.1579001
KFC Laverton,-37.8716681,144.7760571
KFC Yarraville,-37.8241658,144.8820702
KFC East Brighton,-37.9003865,145.0077887
KFC Chadstone Mall,-37.8851689,145.0838084
KFC Fountain Gate Food Court,-38.0174334,145.3033122
KFC Pakenham,-38.0708464,145.4776807
KFC Berwick South,-38.0566691,145.338134
KFC Officer Outbound,-38.0701465,145.3875177
KFC North Geelong,-38.1014046,144.3541855
KFC Highett,-37.9463931,145.044708
KFC Oakleigh,-37.8926488,145.0891187
KFC Eastlink Northbound,-37.91932200000001,145.2144789
KFC Dandenong Plaza,-37.9876707,145.2178459
KFC Officer Inbound,-38.0730283,145.3898518
KFC Corio,-38.08440119999999,144.3588285
KFC Westfield Geelong,-38.1469338,144.3627723
KFC Newcomb,-38.1735522,144.4009207
KFC Belmont VIC,-38.1730875,144.345242
KFC Grovedale,-38.1939188,144.3427317
KFC Southland Mall,-37.9586219,145.0542472
KFC Cranbourne,-38.1071087,145.2834666
KFC Ocean Grove,-38.2592971,144.5475995
KFC Chelsea Heights,-38.0293057,145.1310816
KFC Mornington,-38.2283511,145.0457416
KFC Frankston Bayside Food Court,-38.140889,145.1245693
KFC Frankston South,-38.1842767,145.1411833
KFC Carrum Downs,-38.1002859,145.1729009
KFC Rosebud,-38.3581175,144.8975575
KFC Hastings,-38.3080417,145.1830778
KFC Warragul Queen Street,-38.1617845,145.9257222
KFC Colac,-38.3396707,143.5825192
KFC Wonthaggi,-38.60535429999999,145.5940585
KFC Coffs Harbour South,-30.3120888,153.093714
KFC,-6.3479848,107.204689
KFC Seaford Rise,-35.1852701,138.4778278
KFC Coffs Harbour Plaza,-30.2808205,153.1280686
KFC Tugu Puncak,-6.686929699999999,106.9584632
KFC Derwent Park,-42.8373748,147.2875411
Subway Restaurant,-37.4842311,144.5915017
Subway Restaurant,-37.675833,144.4382241
Subway Restaurant,-37.6839089,144.5811232
Subway Restaurant,-37.577039,144.728583
Subway Restaurant,-37.5825361,144.7270788
Subway Restaurant,-37.6893072,144.6037716
Subway Restaurant,-37.6655825,144.753846
Subway Restaurant,-37.72584519999999,144.7807479
Subway Restaurant,-37.7535144,144.7396083
Subway Restaurant,-37.751973,144.7770422
Subway Restaurant,-37.6711432,144.8512415
Subway Restaurant,-37.6860061,144.5640043
Subway,-37.6889653,144.6047689
Subway Restaurant,-37.24987780000001,144.4545091
Subway Restaurant,-37.6631302,144.7453473
Subway,-37.7031484,145.1026398
Subway Restaurant,-37.8132018,145.0116563
Subway Restaurant,-37.9367533,145.1915757
Subway Restaurant,-37.9209734,145.2364813
Subway Restaurant,-37.70180879999999,144.7758805
Subway Restaurant,-37.6394905,144.881816
Subway Restaurant,-37.5930222,144.9141315
Subway Restaurant,-37.5745722,144.9204515
Subway Restaurant,-37.598389,144.9385609
Subway Restaurant,-37.6383608,144.9324502
Subway Restaurants,-37.7258173,144.8930819
Subway,-37.7717119,144.8886637
Subway Restaurant,-37.7708879,144.9049053
Subway Kalkallo,-37.5255359,144.9487538
Subway Restaurant,-37.6856975,144.8808821
Subway Restaurant,-37.7269928,144.8073083
Subway Restaurant,-37.7219752,144.8499865
Subway Restaurant,-37.3092186,144.9490523
Subway Restaurant,-37.6525476,145.0219641
Subway Restaurant,-37.41563319999999,144.97862
Subway Restaurant,-37.6493216,145.0680893
Subway Restaurant,-37.6882206,145.0266738
Subway Restaurant,-37.7325348,144.9112935
Subway Restaurant,-37.7119521,145.08222
Subway Restaurant,-37.6735859,145.1588009
Subway Restaurant,-37.71222059999999,145.1495671
Subway,-37.6480015,144.9934315
Subway Restaurant,-37.65502470000001,145.022623
Subway Restaurant,-37.6563985,145.0818306
Subway Restaurant,-37.6814339,145.0708735
Subway Restaurant,-37.694987,145.059672
Subway Restaurant,-37.6902541,145.001609
Subway Restaurant,-37.683211,144.9567868
Subway Restaurant,-37.727465,145.112277
Subway Restaurant,-37.7581451,145.312552
Subway Restaurant,-37.786404,145.311069
Subway Restaurant,-37.70869649999999,144.961669
Subway Restaurant,-37.7695304,145.0412176
Subway Restaurant,-37.7661288,145.0201283
Subway Restaurant,-37.7572856,145.3500776
Subway Restaurant,-37.7864907,145.38207
Subway Restaurant,-37.777862,145.459816
Subway Restaurant,-37.9910277,145.2000101
Subway Restaurant,-38.0188312,145.2948573
Subway Restaurant,-37.8529012,145.1499598
Subway Restaurant,-37.8190938,145.1221019
Subway Restaurant,-37.8144356,145.2289714
Subway Restaurant,-37.813032,145.0849846
Subway Restaurant,-37.875927,145.046426
Subway Restaurant,-37.758215,144.7433199
Subway,-37.8754119,144.6795954
Subway Restaurant,-37.7376231,144.8920754
Subway Restaurant,-37.7456595,144.9114342
Subway Restaurant,-37.7207612,145.0470936
Subway Restaurant,-37.683712,144.9177255
Subway Restaurant,-37.7117143,145.0078699
Subway Restaurant,-37.7429311,145.0658451
Subway Restaurant,-37.738298,145.030084
Subway Restaurant,-37.7493101,145.0421918
Subway Restaurant,-37.7620124,145.1686956
Subway Restaurant,-37.7972581,145.2805948
Subway Restaurant,-37.8158629,145.193777
Subway Restaurant,-37.828027,145.2805182
Subway Restaurant,-37.7836676,144.773823
Subway Restaurant,-37.7803753,144.831481
Subway Restaurant,-37.7780654,144.8336023
Subway Restaurant,-37.8205919,145.1513468
Subway Restaurant,-37.828107,145.246912
Subway Restaurant,-37.8778637,145.1282827
Subway Restaurant,-37.8994616,145.2340442
Subway Restaurant,-37.81185,145.2355202
Subway Kilsyth,-37.819209,145.3155379
Subway Restaurant,-37.8094703,145.1400623
Subway Restaurant,-37.8916241,145.1443222
Subway Restaurant,-37.891873,144.630336
Subway Restaurant,-37.8620405,144.6862064
Subway Restaurant,-37.8178608,144.8175878
Subway Restaurant,-37.7140664,144.8872193
Subway,-37.7324717,144.9506279
Subway Restaurant,-37.744205,144.9896267
Subway,-37.7130971,145.047576
Subway Restaurant,-37.7462668,145.0152495
Subway Restaurant,-37.8937032,145.0883668
Subway Restaurant,-37.9091187,145.3546648
Subway Montrose,-37.811599,145.3371054
Subway Restaurant,-37.9274092,144.631169
Subway Restaurant,-37.8347934,144.6904739
Subway Restaurant,-37.8326053,144.847326
Subway Restaurant,-37.8281315,144.8471683
Subway Restaurant,-37.7938457,144.8626103
Subway Restaurant,-37.7652306,144.9223045
Subway Restaurant,-37.78826249999999,144.931645
Subway Restaurant,-37.8122789,144.9371165
Subway Restaurant,-37.8163949,144.9526066
Subway Restaurant,-37.8013902,144.9010709
Subway Restaurant,-37.81982,144.9433421
Subway Restaurant,-37.7582528,144.9929822
Subway,-37.79496090000001,144.9497837
Subway,-37.7967968,144.9604854
Subway Restaurant,-37.800922,144.96415
Subway Restaurant,-37.8028289,144.9837206
Subway Restaurant,-37.7917184,145.0948163
Subway Templestowe Lower,-37.773241,145.113659
Subway Restaurant,-37.8058472,145.0328769
Subway Restaurant,-37.9837469,145.2135908
Subway Restaurant,-38.00491,145.272613
Subway Restaurant,-37.903678,144.660524
Subway Restaurant,-37.882531,144.699895
Subway Restaurant,-37.8495965,144.7046425
Subway Sanctuary Lakes,-37.8956776,144.752622
Subway Restaurant,-38.0238719,144.4145797
Subway,-37.8721553,144.7752797
Subway Restaurant,-37.8262775,144.7864407
Subway Laverton,-37.869383,144.762142
Subway Restaurant,-37.8172159,144.8821008
Subway Restaurant,-37.8465353,144.8861267
Subway Restaurant,-37.8253236,144.921726
Subway Restaurant,-37.8210037,144.949171
Subway Restaurant,-37.8171053,144.9604333
Subway Restaurant,-37.8251809,144.9502688
Subway Restaurant,-37.8315854,144.9601633
Subway Restaurant,-37.8184713,144.9476605
Subway Restaurant,-37.849307,144.993944
Subway Restaurant,-37.8362419,144.9761711
Subway Restaurant,-37.8103818,144.9638079
Subway Restaurant,-37.8101242,144.9625925
Subway Restaurant,-37.8185957,144.9980296
Subway Restaurant,-37.8151736,144.9722074
Subway Restaurant,-37.818039,144.964707
Subway Restaurant,-37.8209165,145.0363307
Subway Restaurant,-37.813133,144.97133
Subway Restaurant,-37.83073,145.056609
Subway Restaurant,-37.8455603,145.0453158
Subway Restaurant,-37.8499344,145.1177983
Subway Restaurant,-37.864683,145.09277
Subway Restaurant,-37.88470119999999,145.0585661
Subway Restaurant,-37.8581708,145.028886
Subway Restaurant,-37.83310609999999,145.135634
Subway Restaurant,-37.8558003,145.1804447
Subway Restaurant,-37.8366392,145.1939501
Subway Restaurant,-37.848115,145.2274793
Subway Restaurant,-37.8614728,145.2848019
Subway Restaurant,-37.8706602,145.2390542
Subway Restaurant,-37.8885687,145.2928751
Subway Restaurant,-38.0204446,145.3087878
Subway Restaurant,-38.045075,145.3685221
Subway Restaurant,-38.0607761,145.3396277
Subway Restaurant,-38.0894784,144.3369773
Subway Restaurant,-37.9349773,145.0355554
Subway Restaurant,-37.8689171,144.993014
Subway Restaurant,-37.8530821,144.9810675
Subway Restaurant,-37.8671936,144.9786547
Subway,-37.9127201,144.993395
Subway Retaurant,-37.8394576,144.9941121
Subway Restaurant,-37.8838784,144.9987713
Subway Restaurant,-37.8895725,145.0445469
Subway Restaurant,-37.9038693,145.0413163
Subway Restaurant,-37.9054683,145.0031894
Subway Restaurant,-37.84809,145.001891
Subway Restaurant,-37.8865895,145.0826143
Subway,-37.8876994,145.0808888
Subway Restaurant,-37.9106916,145.1034045
Subway Restaurant,-37.8954179,145.087163
Subway Restaurant,-37.9010968,145.1380192
Subway Restaurant,-37.9028825,145.1620645
Subway Restaurant,-37.9119934,145.1332335
Subway Restaurant,-37.9351508,145.1559939
Subway Restaurant,-37.9285826,145.2656749
Subway Restaurant,-38.0749838,145.2726675
Subway Restaurant,-38.0143839,145.322758
Subway Restaurant,-38.06402629999999,145.4358269
Subway Restaurant,-38.0710919,145.4800499
Subway Restaurant,-38.0751665,144.3567216
Subway Corio,-38.0755522,144.3555911
Subway Restaurant,-38.100975,144.3542156
Subway Restaurant,-38.1467795,144.3622539
Subway Restaurant,-38.1736415,144.4039347
Subway Restaurant,-38.1578255,144.3334369
Subway Restaurant,-38.1723754,144.3452207
Subway Restaurant,-38.1877944,144.4579595
Subway Restaurant,-37.965616,145.0553052
Subway Restaurant,-37.9840217,145.0770813
Subway Restaurant,-37.93273,145.0244118
Subway Restaurant,-37.9696032,145.0874829
Subway Restaurant,-37.9373938,145.0506362
Subway Restaurant,-37.9369229,145.0618917
Subway Restaurant,-37.9503053,145.0774632
Subway Restaurant,-37.9287797,145.1182827
Subway  Restaurant,-37.98737879999999,145.1096088
Subway Restaurant,-37.9734027,145.1206817
Subway Restaurant,-37.9647098,145.172727
Subway Restaurant,-37.953542,145.1803771
Subway Restaurant,-37.9693498,145.2240505
Subway Restaurant,-37.9762128,145.2590126
Subway Restaurant,-37.992728,145.173336
Subway Restaurant,-38.0050242,145.2181154
Subway Restaurant,-38.0674866,145.2995017
Subway Fountain Gate,-38.0168115,145.3031538
Subway Restaurant,-38.1081438,145.2322667
Subway Restaurant,-38.0773457,145.4838392
Subway Restaurant,-38.1941886,144.3432787
Subway Restaurant,-38.1975708,144.3166206
Subway Restaurant,-38.1498338,144.3608785
Subway Restaurant,-38.0294607,145.1312463
Subway Restaurant,-38.0669399,145.144115
Subway Restaurant,-38.0143531,145.2146227
Subway Restaurant,-38.0329476,145.2657314
Subway Restaurant,-38.1016805,145.2829778
Subway Restaurant,-38.1125438,145.2825129
Subway Restaurant,-38.1978407,145.4863003
Subway Restaurant,-38.3261542,144.317885
Subway Restaurant,-38.1393122,144.3489585
Subway Restasurant,-38.2590229,144.5483436
Subway Restaurant,-38.218524,145.0376755
Subway Restaurant,-38.143848,145.1238813
Subway Restaurant,-38.140452,145.1253209
Subway Restaurant,-38.1470457,145.1356544
Subway Restaurant,-38.1128953,145.1561537
Subway Restaurant,-38.1550038,145.1642908
Subway Restaurant,-38.1844936,145.1411909
Subway Restaurant,-38.2239834,145.173157
Subway Restaurant,-38.1009227,145.1864423
Subway Restaurant,-38.0776103,145.2504415
Subway Restaurant,-38.1104147,145.2639562
Subway Restaurant,-38.1994687,144.317681
Subway Restaurant,-38.3575123,144.8994558
Subway Restaurant,-38.2456393,145.0474846
Subway Restaurant,-38.1559986,145.172262
Subway Restaurant,-38.3078801,145.1891234
Subway Restaurant,-38.4533844,145.2391622
Subway Restaurant,-38.6048051,145.5932155
Subway Restaurant,-37.821119,144.9660882
Subway Restaurant,-37.5871721,143.8406485
Subway Restaurant,-38.4728706,145.9442843
Hungry Jack's,-37.5810333,144.7242746
Hungry Jack's,-37.6847489,144.5675618
Hungry Jack's,-37.6372464,144.8054105
Hungry Jack's,-37.6960428,144.7813086
Hungry Jack's,-37.7555622,144.7405104
Hungry Jack's,-37.6693974,144.848715
Hungry Jack's,-37.6686836,144.8504759
Hungry Jack's,-37.6691482,144.8494203
Hungry Jack's,-37.7283948,144.8086628
Hungry Jack's,-37.7514652,144.7774847
Hungry Jack's,-37.68405010000001,144.8824174
Hungry Jack's,-37.5414163,144.9437258
Hungry Jack's,-37.525274,144.9489722
Hungry Jack's,-37.6413465,144.9316516
Hungry Jack's,-37.6926832,144.9151356
Hungry Jack's,-37.8474021,144.6877531
Hungry Jack's,-37.778791,144.84075
Hungry Jack's,-37.8400403,144.7486922
Hungry Jack's,-37.8755759,144.6825449
Hungry Jack's,-37.68876849999999,144.9572981
Hungry Jack's,-37.6847753,145.0287985
Hungry Jack's,-37.81110020000001,144.8708336
Hungry Jacks,-37.817701,144.964468
Hungry Jack's,-37.7393046,144.948978
Hungry Jack's,-37.8101547,144.9626889
Hungry Jacks Craigieburn,-37.5932921,144.908469
Hungry Jack's,-37.6900772,145.0639288
Hungry Jack's,-37.7475684,145.0221531
Hungry Jack's,-37.6522842,145.0226106
Hungry Jack's,-37.6560099,145.0790174
Hungry Jack's,-37.7619994,145.0838674
Hungry Jack's,-37.7923184,144.9184684
Hungry Jack's,-37.731952,145.0053674
Hungry Jack's,-37.7608544,145.3118986
Hungry Jack's Croydon Hills,-37.7909522,145.2626249
Hungry Jack's,-37.7171019,145.1375941
Hungry Jacks,-37.7900629,145.309446
Hungry Jack's,-37.8179517,145.2136647
Hungry Jack's,-37.8242448,145.288227
Hungry Jack's,-37.810884,145.2395174
Hungry Jack's,-37.8340556,145.1632688
Hungry Jack's,-37.8681981,145.2398504
Hungry Jack's,-37.8704638,145.24215
Hungry Jack's Mt Waverley,-37.8599473,145.1501343
Hungry Jack's,-37.8995399,145.23421
Hungry Jack's Werribee,-37.9040474,144.6557353
Hungry Jack's Altona Meadows,-37.8721467,144.7768903
Hungry Jack's,-37.8492053,145.1093781
Hungry Jack's,-37.9272484,145.2338947
Hungry Jack's,-37.8317121,144.8485103
Hungry Jack's,-37.8126837,144.9678335
Hungry Jack's,-37.8986047,145.1240328
Hungry Jack's,-37.88503,145.0834347
Hungry Jack's Oakleigh,-37.8937463,145.0911206
Hungry Jack's,-37.9348537,145.1560482
Hungry Jack's,-38.0015406,144.4916321
Hungry Jack's,-37.7234578,144.8496898
Hungry jacks,-37.8169492,144.9524691
Hungry Jack's,-37.8189893,144.9533973
Hungry Jack's Kingsway,-37.8288242,144.9639995
Hungry Jack's,-38.0166566,145.3031535
Hungry Jack's,-38.0175567,145.3037082
Hungry Jack's,-37.7963902,144.7900533
Hungry Jack's,-37.8298195,144.9171835
Hungry Jack's,-37.8116133,144.9912575
Hungry Jack's,-37.9941175,145.1751245
Hungry Jack's,-38.0549041,145.3387014
Hungry Jacks,-38.07105019999999,145.4800038
Hungry Jack's North Geelong,-38.1005029,144.3543595
Hungry Jack's Moorabbin,-37.9300072,145.0321798
Hungry Jack's,-37.9503359,145.0781563
Hungry Jack's,-37.98529,145.2210942
Hungry Jack's,-38.0850195,145.2784718
Hungry Jack's,-38.0027102,144.4923538
Hungry Jack's,-38.171954,144.3464044
Hungry Jack's,-38.199113,144.3155667
Hungry Jack's,-37.9579911,145.0536272
Hungry Jack's,-37.9832877,145.0759918
Hungry Jack's Hallam,-38.0055766,145.2729598
Hungry Jack's,-38.0212211,145.3073872
Hungry Jack's,-38.0853583,145.7751394
Hungry Jack's,-38.0882316,145.7794379
Hungry Jack's,-38.1692627,144.3874936
Hungry Jack's,-38.1538638,145.1628071
Hungry Jack's,-38.2284941,145.0454186
Hungry Jack's Carrum Downs,-38.1013156,145.182851
Hungry Jack's,-38.1837921,145.1410888
Domino's Pizza Bacchus Marsh,-37.675675,144.435708
Domino's Pizza,-37.5802424,144.7249058
Domino's Pizza Melton,-37.683025,144.583862
Domino's Pizza Sydenham,-37.6938945,144.7544184
Domino's Pizza Caroline Springs,-37.733517,144.742008
Domino's,-37.7453935,144.8113737
Domino's,-37.5751216,144.9198763
Domino's Pizza Derrimut,-37.7833415,144.7712206
Domino's Pizza Broadmeadows,-37.6759288,144.9221402
Domino's Pizza Sunshine West,-37.7781075,144.8339677
Domino's Pizza Essendon,-37.7454759,144.9113466
Domino's Pizza Werribee,-37.903809,144.659744
Domino's Pizza Coburg,-37.7427881,144.9662039
Domino's,-37.7629012,144.9626166
Domino's Pizza North Melbourne,-37.8004503,144.9555537
Domino's Pizza,-37.8007316,144.9651636
Domino's Pizza Lonsdale St,-37.8116146,144.9640065
Domino's Pizza,-37.8208688,144.9563465
Domino's Pizza Port Melbourne,-37.837731,144.942739
Domino's Pizza Bundoora,-37.7005447,145.0584893
Domino's Pizza Fairfield Victoria,-37.766179,145.020069
Domino's Pizza Richmond,-37.825582,144.998326
Domino's Pizza St Kilda,-37.8614275,144.9741573
Domino's Pizza Prahran,-37.851856,144.994245
Domino's Pizza St Kilda East,-37.8698917,144.9903297
Domino's Pizza Malvern (VIC),-37.858162,145.040283
Domino's Pizza,-37.8180526,145.1267084
Domino's Pizza Mount Waverley,-37.8776802,145.1284619
Domino's Pizza Ashburton (VIC),-37.863314,145.081423
Domino's Pizza Frankston (VIC),-38.1661981,145.1368041
Domino's Pizza,-37.9885989,145.2164518
Domino's Pizza,-37.5619332,143.8684938
Domino's Pizza Newcomb,-38.17012700000001,144.393465
Domino's Pizza,-37.74982139999999,144.8616423
Domino's,-37.7882181,144.9318131
Domino's Pizza,-37.6789162,145.0138854
Domino's Pizza,-37.727654,145.111923
Domino's Pizza,-37.7663756,145.0914483
Domino's Pizza,-37.7633775,145.1697422
Domino's Pizza,-37.6555716,145.0787388
Domino's Pizza Ringwood,-37.7941975,145.2362816
Domino's Pizza Balwyn,-37.8133186,145.0843142
Domino's Pizza,-37.6285233,145.0272745
Domino's Pizza Mitcham,-37.815941,145.194275
Domino's Pizza Lilydale,-37.7571828,145.3545602
Domino's Pizza Vermont South,-37.855813,145.180302
Domino's Pizza Croydon,-37.7703008,145.2950694
Domino's,-37.86863,145.2363477
Domino's Pizza Diamond Creek,-37.67363100000001,145.159208
Domino's Pizza Wheelers Hill,-37.9102172,145.1893848
Domino's Pizza Burwood (VIC),-37.849962,145.1179701
Domino's Pizza,-37.7564217,145.0663082
Domino's Camberwell,-37.8253615,145.0581591
Domino's Pizza Preston,-37.7442574,144.989567
Domino's Pizza Bayswater North,-37.8323657,145.2698411
Domino's Pizza Pakenham,-38.0654579,145.4666598
Domino's Pizza Patterson Lakes,-38.0686488,145.1425229
Domino's Pizza Broadmeadows,-37.6797925,144.9194492
Domino's,-37.9007598,145.0918627
Domino's Pizza Endeavour Hills,-37.97605550000001,145.2601837
Domino's Pizza Clayton,-37.9251481,145.1193968
Domino's Pizza Narre Warren,-38.0253826,145.3060102
Domino's Keilor,-37.7202117,144.8366671
Domino's,-37.704184,144.915802
Domino's Pizza Hampton Park (VIC),-38.0332,145.266565
Domino's Pizza Wyndham Vale,-37.8915058,144.6302076
Domino's Pizza Seabrook,-37.8771025,144.7584193
Domino's Pizza Maribyrnong,-37.774617,144.880491
Domino's Pizza Altona,-37.8259576,144.8487516
Domino's Pizza Hawthorn,-37.81542,145.036445
Domino's Pizza Caulfield,-37.8854744,145.0219556
Domino's Pizza Berwick On Clyde Rd,-38.0565473,145.3382258
Domino's Pizza Lysterfield,-37.9283187,145.2658807
Domino's Pizza Geelong CBD,-38.1485287,144.3576382
Domino's Pizza Hoppers Crossing,-37.8509597,144.7073691
Domino's Pizza Waurn Ponds,-38.198464,144.319477
Domino's,-37.859395,144.899686
Domino's Pizza Bentleigh (VIC),-37.918819,145.040253
Domino's Pizza Ferntree Gully,-37.8882837,145.2902604
Domino's Pizza Noble Park,-37.961497,145.1893
Domino's Pizza Beaconsfield,-38.0437526,145.367288
Domino's Pizza Corio,-38.0647443,144.3823168
Domino's Pizza,-38.3269731,144.3177702
Domino's Pizza Cheltenham,-37.9655139,145.0554846
Domino's Pizza Hampton,-37.9459053,145.0218662
Domino's,-38.354536,144.909918
Domino's Pizza Mordialloc,-38.0079754,145.0866667
Domino's Pizza Rye,-38.3707697,144.8234133
Domino's,-38.1011397,145.1872812
Domino's Pizza Marriott Waters,-38.0776839,145.2510056
Domino's Pizza Cranbourne,-38.0978326,145.2827301
Domino's Pizza Mornington,-38.231124,145.04392
Domino's Pizza Hastings VIC,-38.307972,145.18943
Domino's Pizza Langwarrin,-38.1426127,145.2085325
Domino's Pizza Highton,-38.1609304,144.3063321
Domino's Pizza Drouin,-38.133678,145.854415
Domino's Pizza Adelaide City,-34.92795900000001,138.606245
Domino's,-33.8853936,151.2072545
Domino's,-35.2395118,149.0808899
Red Rooster,-37.5855346,144.7209902
Red Rooster,-37.687043,144.5671591
Red Rooster,-37.6960237,144.7733757
Red Rooster,-37.7503316,144.7777115
Red Rooster,-37.6829826,144.8826846
Red Rooster,-37.6404032,144.930074
Red Rooster,-37.7130962,144.8894884
Red Rooster,-37.77804100000001,144.8341964
Red Rooster,-37.81278289999999,144.7866509
Red Rooster Essendon,-37.7394069,144.8971444
Red Rooster,-37.8621024,144.6861504
Red Rooster,-37.8534752,144.732598
Red Rooster,-37.729515,144.9243444
Red Rooster,-37.6884864,144.9573428
Red Rooster,-37.8808769,144.7014982
Red Rooster,-37.869973,144.763031
Red Rooster Coburg,-37.753017,144.9460113
Red Rooster Ascot Vale,-37.7834239,144.935279
Red Rooster,-37.6597684,145.0301418
Red Rooster,-37.8298293,144.9172858
Red Rooster,-37.7448867,145.0033737
Red Rooster,-37.7234334,145.0294603
Red Rooster,-37.6496497,145.0753086
Red Rooster,-37.817454,144.953056
Red Rooster,-37.7038452,145.0911565
Red Rooster,-37.7807086,145.0331083
Red Rooster,-37.7741946,145.1156703
Red Rooster,-37.7612642,145.3115626
Red Rooster,-37.8093157,145.1401259
Red Rooster,-37.7960373,145.257358
Red Rooster,-37.8186597,145.3165128
Red Rooster,-37.8261639,145.0967412
Red Rooster,-37.8313686,145.2703459
Red Rooster,-37.83200799999999,145.213549
Red Rooster,-37.882836,145.2753213
Red Rooster,-37.9172669,145.2356583
Red Rooster,-37.879694,145.0903624
Red Rooster,-37.8988578,145.1248779
Red Rooster,-37.8261759,145.000674
Red Rooster,-37.9345464,145.1560311
Red Rooster,-37.8192297,144.9523505
Red Rooster,-37.9712203,145.2229917
Red Rooster,-38.0025831,145.2470151
Red Rooster Fountain Gate,-38.0224418,145.302396
Red Rooster,-38.0651329,144.3820483
Red Rooster,-38.0641819,144.3401407
Red Rooster,-38.161215,144.3503824
Red Rooster,-37.9061074,145.05383
Red Rooster,-38.0609682,145.4552457
Red Rooster,-37.9791305,145.1472607
Red Rooster,-37.9235771,145.0815341
Red Rooster,-38.0323761,145.2674062
Red Rooster,-38.0648663,145.5065837
Red Rooster,-38.0569074,145.3381054
Red Rooster,-37.929613,145.0034945
Red Rooster,-38.0874336,145.2795287
Red Rooster,-38.2016487,144.3115718
Red Rooster,-38.078646,145.240183
Red Rooster,-38.105658,145.2814571
Red Rooster,-38.361037,144.890102
Red Rooster,-38.11202249999999,145.1589389
Red Rooster,-38.1524752,145.1645463
Red Rooster,-38.23041509999999,145.0450112
Red Rooster,-38.3071739,145.1840726
Red Rooster,-38.3386417,143.5796147
Pizza Hut Melton,-37.6841243,144.5843311
Pizza Hut Caroline Springs,-37.7102795,144.7402716
Pizza Hut Deer Park,-37.7700549,144.7714939
Pizza Hut Footscray,-37.7915015,144.8892671
Pizza Hut Docklands,-37.819665,144.9482524
Pizza Hut Ballarat,-37.5622409,143.8667862
Pizza Hut St Kilda,-37.8610784,144.975752
Pizza Hut Prahran,-37.8535823,145.0072123
Pizza Hut Bentleigh East,-37.9204718,145.0549574
Pizza Hut Ringwood,-37.8186648,145.2432684
Pizza Hut Parkmore,-37.9932523,145.1731876
Pizza Hut Dandenong,-37.9893254,145.216475
Pizza Hut,6.116139599999999,125.1872693
Pizza Hut SM GenSan,6.1160422,125.1815259
Pizza Hut,7.049861,125.588019
Pizza Hut Gaisano Davao,7.077960999999999,125.613845
Pizza Hut SM Lanang,7.099406099999999,125.6310322
Grilled Hut Pizza,-37.676708,144.57542
Pizza Hut Roxburgh Park,-37.6383608,144.9324502
Pizza Hut Campbellfield,-37.6881764,144.9593753
Pizza Hut Flemington,-37.7838754,144.9362039
Pizza Hut Mill Park,-37.6658789,145.0602252
Pizza Hut Tarneit,-37.8474024,144.6876634
Pizza Hut Point Cook,-37.8950922,144.7538927
Pizza Hut Reservoir,-37.7148946,145.007235
Pizza Hut Bundoora,-37.7122596,145.0481849
Pizza Hut Collingwood,-37.8086623,144.9835847
Pizza Hut North Balwyn,-37.8033623,145.083446
Pizza Hut Bendigo Dine In,-36.7640608,144.2694942
Pizza Hut Shepparton Dine In,-36.3904864,145.3978092
Pizza Hut Knox,-37.8706604,145.2389753
Pizza Hut Sunshine West,-37.7961773,144.7906711
Pizza Hut Werribee,-37.900348,144.661111
Pizza Hut South Melbourne,-37.8305047,144.9596856
Pizza Hut,-37.6661005,145.0601345
Pizza Hut Sydenham,-43.5499821,172.6361478
Pizza Hut Springvale,-37.9351131,145.1560166
Pizza Hut Narre Warren,-38.0261046,145.30338
Pizza Hut Congressional,14.6591476,121.0206022
Pizza Hut Dunedin North,-45.8580503,170.514191
Pizza Hut,1.3425599,103.9533078
Pizza Hut,1.3459485,103.9440476
Pizza Hut Jesmond,-32.9036595,151.6905554
Pizza Hut Bell Post Hill,-38.0891999,144.3360883
Pizza Hut Frankston,-38.1436985,145.1229542
Pizza Hut Carrum Downs,-38.1019528,145.1870012
Pizza Hut Patterson Lakes,-38.0673932,145.1438161
Pizza Hut Cranbourne,-38.1113321,145.2828111
Pizza Hut Newcomb,-38.1737434,144.4039041
Pizza Hut Belmont Village,-38.17021440000001,144.349313
Pizza Hut Ali Mall Food Gallery,14.6194297,121.0566062
Pizza Hut Bundaberg,-24.8682155,152.343003
Pizza Hut Coffs Harbour,-30.2911558,153.1191858
Pizza Hut Shellharbour,-34.5670739,150.8365579
Nando's,-37.5781309,144.7134271
Nando's,-37.686933,144.566586
Nando's,-37.701782,144.7764115
Nando's Caroline Springs,-37.7324253,144.7415925
Nando's Brimbank,-37.7512175,144.7760873
Nando's St Albans,-37.744542,144.800723
Nando's Craigieburn,-37.575109,144.9196704
Nandos Derrimut,-37.7833554,144.7715945
Nando's,-37.7138443,144.888058
Nando's West Sunshine,-37.7962542,144.790645
Nando's,-37.6787899,144.9200284
Nando's Essendon Airport,-37.7269832,144.8955593
Nando's,-37.7369992,144.8920475
Nando's,-37.8754285,144.6818921
Nando's,-37.7742457,144.8886286
Nando's Point Cook Town Centre,-37.8832726,144.734909
Nando's,-37.9047347,144.6555232
Nando's Footscray,-37.7992329,144.8959639
Nando's Coburg,-37.7414064,144.9648864
Nando's Epping Plaza,-37.6525382,145.0198066
Nando's,-37.6586327,145.0297016
Nando's,-37.6973303,145.058396
Nando's,-37.764755,144.973062
Nando's,-37.7400574,145.03104
Nando's,-37.756008,145.064132
Nando's,-37.6510065,145.0722417
Nando's,-37.800489,144.983858
Nando's,-37.8059803,144.955747
Nando's Eltham,-37.7127239,145.1498073
Nando's,-37.7869772,145.1256777
Nando's Doncaster,-37.78913540000001,145.1575728
Nando's University Hill,-37.681112,145.070538
Nando's,-37.7601477,145.3108315
Nando's,-37.7567538,145.3544594
Nando's,-37.8116924,145.2356212
Nando's,-37.8125446,145.2288656
Nando's Boronia,-37.859942,145.2665708
Nando's Burwood East,-37.8528856,145.1493759
Nando's Ferntree Gully,-37.8881806,145.2896693
Nando's Camberwell,-37.8293494,145.0576527
Nando's Lysterfield,-37.9282646,145.265778
Nando's,-37.9108114,145.1889038
Nando's,-37.8098803,144.9613728
Nando's,-37.8103905,144.9634863
Nando's,-37.8121068,144.9382659
Nando's,-37.7737564,144.8891856
Nando's Bourke St,-37.81215,144.9710563
Nando's,-37.8463706,145.0462511
Nando's,-37.818418,144.9477366
Nando's,-37.8136701,144.9608618
Nando's,-37.8208461,144.9564174
Nando's Bourke Place,-37.8158321,144.955786
Nando's,-37.8857317,145.0836099
Nando's,-37.921274,145.1367013
Nando's,-37.9351282,145.1559902
Nandos,-38.0182831,145.302708
Nando's Dandenong Plaza,-37.9872525,145.2178397
Nando's Laverton,-37.8232275,144.8243471
Nando's,-37.8618344,144.9025195
Nando's,-37.8175381,144.9643707
Nando's,-37.8168298,144.9691026
Nando's,-37.842637,144.9953511
Nando's Chevron,-37.8452256,144.9801124
Nando's,-37.8581186,145.0289237
Nando's,-37.8882837,145.0575004
Nando's,-37.9271191,145.1196494
Nando's,-38.025262,145.3059155
Nando's Berwick,-38.0624087,145.3391389
Nando's Lynbrook,-38.042241,145.2513388
Nando's,-37.8326607,144.9601795
Nando's Elsternwick,-37.8848414,145.0041227
Nando's Keysborough,-37.9933057,145.1729995
Nando's Pakenham,-38.0851905,145.4714457
Nando's,-38.1706461,144.3477036
Nando's Bentleigh,-37.9184347,145.0398297
Nando's Heatherton,-37.9579184,145.0761764
Nando's,-37.959178,145.0547151
Nando's Braeside,-38.0104646,145.140052
Nando's Marriot Waters,-38.0779445,145.2508995
Nando's Carrum Downs,-38.1009165,145.1863852
Nando's Frankston,-38.1437641,145.1234084
Nando's Karingal,-38.1510114,145.1665223
Nando's Mornington,-38.2234788,145.0407845
Schnitz,-37.685854,144.564351
Schnitz,-37.5934616,144.9143638
Schnitz,-37.7142883,144.8880346
Schnitz,-37.680122,144.919494
Schnitz,-37.8755446,144.6807505
Schnitz,-37.813645,144.962672
Schnitz,-37.8103422,144.9622384
Schnitz,-37.810627,144.9659295
Schnitz,-37.8170152,144.9529682
Schnitz,-37.7757142,144.9608305
Schnitz,-37.8253276,144.9586471
Schnitz,-37.83085500000001,144.9573691
Schnitz,-38.1992479,144.3179624
Schnitz,-37.773679,144.8888609
Schnitz,-37.5619948,143.8552178
Schnitz,-38.1069757,145.2824223
Schnitz,-37.858967,145.028601
Schnitz,-37.8834586,144.7351292
Schnitz,-37.6533684,145.0191609
Schnitz,-37.8527388,145.1490738
Schnitz,-37.6516588,145.0717216
Schnitz,-37.8211568,145.0357674
Schnitz,-37.7396724,145.0307099
Schnitz,-37.81845,144.998889
Schnitz,-37.703106,145.102573
Schnitz,-37.8130313,145.0114499
Schnitz,-37.7867928,145.1254836
Schnitz,-37.8128135,145.2288838
Schnitz,-37.9115828,145.1355726
Schnitz,-37.8689453,145.2424925
Schnitz,-37.8751821,145.1658112
Schnitz,-37.8865831,145.0824121
Schnitz,-38.0182029,145.3027359
Schnitz,-37.9872983,145.2178481
Schnitz,-38.1463806,144.3621422
Schnitz,-37.9930742,145.1732309
Schnitz,-38.1852565,144.4553467
Schnitz,-37.95817479999999,145.0529875
Schnitz,-38.140121,145.125497
Lord Of The Fries,-37.7755367,144.9612073
Lord of the Fries,-37.8171782,144.9527704
Lord of the Fries,-37.810293,144.9636889
Lord of The Fries - Fitzroy,-37.7957011,144.9786836
Lord of the Fries,-37.8164423,144.9667729
Lord Of The Fries Elizabeth Street,-37.8183422,144.9650036
Lord of The Fries,-37.85221,144.9934263
Lord of the Fries,-37.8850922,145.0833773
Lord of the Fries Hawthorn,-37.8208784,145.0360271
